{"cameraMode":{"drawMode":0,"name":"Shaded","section":"Shading Mode"},"sceneLighting":false,"audioPlay":false,"sceneViewState":{"m_AlwaysRefresh":true,"showFog":false,"showSkybox":false,"showFlares":false,"showImageEffects":false,"showParticleSystems":false,"showVisualEffectGraphs":true,"m_FxEnabled":true},"in2DMode":false,"pivot":{"x":1.1886439323425294,"y":1.6511949300765992,"z":0.47057104110717776},"rotation":{"x":-0.09230035543441773,"y":0.1360742449760437,"z":-0.012733749113976956,"w":-0.9863108992576599},"size":4.166025161743164,"orthographic":false}