{"cameraMode":{"drawMode":0,"name":"Shaded","section":"Shading Mode"},"sceneLighting":false,"audioPlay":false,"sceneViewState":{"m_AlwaysRefresh":true,"showFog":false,"showSkybox":false,"showFlares":false,"showImageEffects":false,"showParticleSystems":false,"showVisualEffectGraphs":true,"m_FxEnabled":true},"in2DMode":false,"pivot":{"x":0.7725159525871277,"y":1.4340524673461915,"z":0.07004737854003906},"rotation":{"x":-0.08719024062156677,"y":0.014042779803276062,"z":-0.0012296466156840325,"w":-0.9960935711860657},"size":9.41521167755127,"orthographic":false}