{"cameraMode":{"drawMode":0,"name":"Shaded","section":"Shading Mode"},"sceneLighting":false,"audioPlay":false,"sceneViewState":{"m_AlwaysRefresh":true,"showFog":false,"showSkybox":false,"showFlares":false,"showImageEffects":false,"showParticleSystems":false,"showVisualEffectGraphs":true,"m_FxEnabled":true},"in2DMode":false,"pivot":{"x":-8.401444435119629,"y":14.772356986999512,"z":-0.4979850947856903},"rotation":{"x":-0.0419854037463665,"y":0.010490555316209793,"z":0.00044085137778893113,"w":0.9990639090538025},"size":17.375749588012697,"orthographic":true}